{
    "duration_years": 60,
    "num_scenarios": 1000,
    "seed": 42,
    "chunk_size": null,
    "max_workers": null,
    "tenors": [
        0.25,
        0.5,
        1.0,
        2.0,
        5.0,
        10.0,
        20.0,
        30.0
    ],
    "mu_min": 0.01,
    "pi_min": -0.02,
    "alpha_smooth": 0.2,
    "beta_drag": 0.15,
    "eta_erp": 0.1,
    "lambda_irp": 0.05,
    "kappa_irp": 0.15,
    "lambda_J": 0.1061277647791506,
    "mu_J": -0.16953315112480244,
    "sigma_J": 0.01,
    "initial_rate": 0.1012789954903016,
    "initial_inflation": 0.0655411621642827,
    "ou_mu": 0.04908323492142214,
    "cir_theta_val": 11.940271444263814,
    "cir_sigma_val": 0.16290336057735855,
    "cir_mu_val": 0.08874003477933111,
    "ou_theta_val": 37.112851945650284,
    "ou_sigma_val": 0.13200863493515172,
    "gbm_sigma_val": 0.14670321726453459
}