{
    "duration_years": 60,
    "num_scenarios": 1000,
    "seed": 42,
    "chunk_size": null,
    "max_workers": null,
    "tenors": [
        0.25,
        0.5,
        1.0,
        2.0,
        5.0,
        10.0,
        20.0,
        30.0
    ],
    "mu_min": 0.001,
    "pi_min": -0.01,
    "alpha_smooth": 0.2,
    "beta_drag": 0.15,
    "eta_erp": 0.1,
    "lambda_irp": 0.05,
    "kappa_irp": 0.15,
    "lambda_J": 1.6763396227032465,
    "mu_J": -0.08173558020918623,
    "sigma_J": 0.01,
    "initial_cdi": 0.0363,
    "initial_ipca": 0.03463530729385411,
    "ou_mu": 0.024922151308138397,
    "cir_theta_val": 0.06155186290929658,
    "cir_sigma_val": 0.05055168852340813,
    "cir_mu_val": 0.012381066442200502,
    "ou_theta_val": 0.3776081528357111,
    "ou_sigma_val": 0.01644229036571999,
    "gbm_sigma_val": 0.11085306242896799
}