{
    "duration_years": 60,
    "num_scenarios": 1000,
    "seed": 42,
    "chunk_size": null,
    "max_workers": null,
    "tenors": [
        0.25,
        0.5,
        1.0,
        2.0,
        5.0,
        10.0,
        20.0,
        30.0
    ],
    "mu_min": 0.001,
    "pi_min": -0.01,
    "alpha_smooth": 0.2,
    "beta_drag": 0.15,
    "eta_erp": 0.1,
    "lambda_irp": 0.05,
    "kappa_irp": 0.15,
    "lambda_J": 1.8087830998239658,
    "mu_J": -0.06869766084119201,
    "sigma_J": 0.01,
    "initial_rate": 0.0363,
    "initial_inflation": 0.03463530729385411,
    "ou_mu": 0.028210071915781034,
    "cir_theta_val": 0.25,
    "cir_sigma_val": 0.051904555064906134,
    "cir_mu_val": 0.01,
    "ou_theta_val": 0.21274259452289992,
    "ou_sigma_val": 0.013165639139595613,
    "gbm_sigma_val": 0.10605833021891732
}